{
    "r2_score": 0.7007744928684252,
    "rmse": 2462549.744002088,
    "mae": 1873492.8414151592,
    "mape": 1.470389120444638
}